{"mrr_10": 0.6590756704980844, "mrr_1000": 0.6646230266389218, "recall_5": 0.07104186015803765, "recall_10": 0.12299417374763469, "recall_15": 0.1544143641997116, "recall_20": 0.18695267643483474, "recall_30": 0.23487076283207226, "recall_100": 0.3294647289191741, "recall_200": 0.3294647289191741, "recall_500": 0.3294647289191741, "recall_1000": 0.3294647289191741, "ndcg_cut_5": 0.4428091921618341, "ndcg_cut_10": 0.42178973902655864, "ndcg_cut_15": 0.40990907974137414, "ndcg_cut_20": 0.40223217545321777, "ndcg_cut_30": 0.3890477392994349, "ndcg_cut_100": 0.3502276035393189, "ndcg_cut_200": 0.33673796189322935, "ndcg_cut_500": 0.3360140979675239, "ndcg_cut_1000": 0.3360140979675239}