{"mrr_10": 0.6171798029556651, "mrr_1000": 0.6206369761150256, "recall_5": 0.06895507356147725, "recall_10": 0.1126367266640812, "recall_15": 0.1484518893277491, "recall_20": 0.17964959912706116, "recall_30": 0.22484338833522818, "recall_100": 0.3219199250581337, "recall_200": 0.3219199250581337, "recall_500": 0.3219199250581337, "recall_1000": 0.3219199250581337, "ndcg_cut_5": 0.432421258169726, "ndcg_cut_10": 0.4155147416985168, "ndcg_cut_15": 0.400117594995307, "ndcg_cut_20": 0.39350916178447987, "ndcg_cut_30": 0.38164397871224864, "ndcg_cut_100": 0.34314997198738156, "ndcg_cut_200": 0.3282001213582225, "ndcg_cut_500": 0.3273124438756542, "ndcg_cut_1000": 0.3273124438756542}