{"IKAT2023": {"mrr_10": 0.2637017496392497, "mrr_1000": 0.2705965322044413, "recall_5": 0.04382538389134825, "recall_10": 0.06795542640870628, "recall_15": 0.08257473221497898, "recall_20": 0.09591437105443924, "recall_30": 0.1174199952658181, "recall_100": 0.1901201778545676, "recall_200": 0.2505331785247225, "recall_500": 0.34329592658813474, "recall_1000": 0.4083065117281002, "ndcg_cut_5": 0.18842362966660853, "ndcg_cut_10": 0.17349800416612396, "ndcg_cut_15": 0.16715306980309272, "ndcg_cut_20": 0.1620716776712378, "ndcg_cut_30": 0.16155326864489206, "ndcg_cut_100": 0.17833110560521365, "ndcg_cut_200": 0.2055619425257439, "ndcg_cut_500": 0.23976166352289885, "ndcg_cut_1000": 0.2632743626238944}, "IKAT2024": {"mrr_10": 0.5082717569786537, "mrr_1000": 0.5151841492615222, "recall_10": 0.07608727477655118, "recall_15": 0.09964854871505796, "recall_20": 0.12025494839669781, "recall_30": 0.15578814192152377, "recall_100": 0.31130770823626314, "recall_200": 0.41520308720446936, "recall_500": 0.5375320311697224, "recall_1000": 0.6313235955709388, "recall_5": 0.04897539481617746, "ndcg_cut_5": 0.30658442358915794, "ndcg_cut_10": 0.2834945387714972, "ndcg_cut_15": 0.27374411562717427, "ndcg_cut_20": 0.2708712994101161, "ndcg_cut_30": 0.2628888064779336, "ndcg_cut_100": 0.28250997805577366, "ndcg_cut_200": 0.32525293865050586, "ndcg_cut_500": 0.3842042726717928, "ndcg_cut_1000": 0.42420060216921757}}