{"mrr_10": 0.3051474567099568, "mrr_1000": 0.3116663553661543, "recall_5": 0.05277558254002586, "recall_10": 0.07114274389076838, "recall_15": 0.09468145761547299, "recall_20": 0.11154361104868245, "recall_30": 0.1322680182712199, "recall_100": 0.21663952744922527, "recall_200": 0.2730446767014236, "recall_500": 0.3562688778204397, "recall_1000": 0.41754264079905457}{"ndcg_cut_5": 0.21309690526855196, "ndcg_cut_10": 0.1988323043144515, "ndcg_cut_15": 0.19215431161592297, "ndcg_cut_20": 0.18730192697498801, "ndcg_cut_30": 0.18184130938141918, "ndcg_cut_100": 0.19935334490329623, "ndcg_cut_200": 0.22521449845078498, "ndcg_cut_500": 0.2609506166736592, "ndcg_cut_1000": 0.28424333491382336}