{"mrr_10": 0.661384783798577, "mrr_1000": 0.6645179342907803, "recall_5": 0.07056804124617375, "recall_10": 0.11633208243546947, "recall_15": 0.14948462862381706, "recall_20": 0.17528966193595288, "recall_30": 0.2206618161910796, "recall_100": 0.31130770823626314, "recall_200": 0.31130770823626314, "recall_500": 0.31130770823626314, "recall_1000": 0.31130770823626314, "ndcg_cut_5": 0.4231300987406192, "ndcg_cut_10": 0.40889799149537953, "ndcg_cut_15": 0.39029062957481564, "ndcg_cut_20": 0.37993971676455984, "ndcg_cut_30": 0.3621482343064879, "ndcg_cut_100": 0.3235144317999197, "ndcg_cut_200": 0.31232423344202165, "ndcg_cut_500": 0.3119759558675209, "ndcg_cut_1000": 0.3119759558675209}