{"mrr_10": 0.3073683261183262, "mrr_1000": 0.3133567354167962, "recall_5": 0.06023452056831266, "recall_10": 0.08661821228985053, "recall_15": 0.1064850809101895, "recall_20": 0.1223641790048249, "recall_30": 0.1473868008394622, "recall_100": 0.21663952744922527, "recall_200": 0.21663952744922527, "recall_500": 0.21663952744922527, "recall_1000": 0.21663952744922527, "ndcg_cut_5": 0.23093528929181814, "ndcg_cut_10": 0.2153003139082827, "ndcg_cut_15": 0.21024334314073914, "ndcg_cut_20": 0.20547604069023856, "ndcg_cut_30": 0.20167084985859776, "ndcg_cut_100": 0.20677119635798524, "ndcg_cut_200": 0.2055334003992848, "ndcg_cut_500": 0.2055334003992848, "ndcg_cut_1000": 0.2055334003992848}