{"mrr_10": 0.2637017496392497, "mrr_1000": 0.2705965322044413, "recall_5": 0.04382538389134825, "recall_10": 0.06795542640870628, "recall_15": 0.08257473221497898, "recall_20": 0.09591437105443924, "recall_30": 0.1174199952658181, "recall_100": 0.1901201778545676, "recall_200": 0.2505331785247225, "recall_500": 0.34329592658813474, "recall_1000": 0.4083065117281002}{"ndcg_cut_5": 0.18842362966660853, "ndcg_cut_10": 0.17349800416612396, "ndcg_cut_15": 0.16715306980309272, "ndcg_cut_20": 0.1620716776712378, "ndcg_cut_30": 0.16155326864489206, "ndcg_cut_100": 0.17833110560521365, "ndcg_cut_200": 0.2055619425257439, "ndcg_cut_500": 0.23976166352289885, "ndcg_cut_1000": 0.2632743626238944}