{"mrr_10": 0.2802849927849928, "mrr_1000": 0.28823232087454637, "recall_5": 0.037355427950760446, "recall_10": 0.053074500389592744, "recall_15": 0.07151458721721955, "recall_20": 0.0822804455346987, "recall_30": 0.09927151755790552, "recall_100": 0.18040514471655522, "recall_200": 0.2515635229352582, "recall_500": 0.33461190517974954, "recall_1000": 0.3862569323018143}{"ndcg_cut_5": 0.1998229894325018, "ndcg_cut_10": 0.1841815321931194, "ndcg_cut_15": 0.17656058402909902, "ndcg_cut_20": 0.16833619042697714, "ndcg_cut_30": 0.16189067466923787, "ndcg_cut_100": 0.17282410665964637, "ndcg_cut_200": 0.20138953637921597, "ndcg_cut_500": 0.23601490246359894, "ndcg_cut_1000": 0.2578387706010994}