{"mrr_10": 0.4860803229337714, "mrr_1000": 0.4919729041083461, "recall_10": 0.0897279085213081, "recall_15": 0.11297169191407307, "recall_20": 0.13859382011118915, "recall_30": 0.18010167304832728, "recall_100": 0.3219199250581337, "recall_200": 0.43988997113307715, "recall_500": 0.5656923237239927, "recall_1000": 0.6516888667169559, "recall_5": 0.05897701823069594}{"ndcg_cut_10": 0.30778642998884886, "ndcg_cut_15": 0.2991739727008167, "ndcg_cut_20": 0.2984994319550555, "ndcg_cut_30": 0.2935676191451414, "ndcg_cut_100": 0.3068735815649299, "ndcg_cut_200": 0.35151035767132427, "ndcg_cut_500": 0.41281344414561605, "ndcg_cut_1000": 0.4469683062900237, "ndcg_cut_5": 0.3242155665910357}