{"IKAT2023": {"mrr_10": 0.3051474567099568, "mrr_1000": 0.3116663553661543, "recall_5": 0.05277558254002586, "recall_10": 0.07114274389076838, "recall_15": 0.09468145761547299, "recall_20": 0.11154361104868245, "recall_30": 0.1322680182712199, "recall_100": 0.21663952744922527, "recall_200": 0.2730446767014236, "recall_500": 0.3562688778204397, "recall_1000": 0.41754264079905457, "ndcg_cut_5": 0.21309690526855196, "ndcg_cut_10": 0.1988323043144515, "ndcg_cut_15": 0.19215431161592297, "ndcg_cut_20": 0.18730192697498801, "ndcg_cut_30": 0.18184130938141918, "ndcg_cut_100": 0.19935334490329623, "ndcg_cut_200": 0.22521449845078498, "ndcg_cut_500": 0.2609506166736592, "ndcg_cut_1000": 0.28424333491382336}, "IKAT2024": {"mrr_10": 0.4841201423097978, "mrr_1000": 0.49000682095633097, "recall_10": 0.08587518433307896, "recall_15": 0.11413927723102227, "recall_20": 0.1428474622680082, "recall_30": 0.17841139523847455, "recall_100": 0.3294647289191741, "recall_200": 0.4350069592195206, "recall_500": 0.5669974753340825, "recall_1000": 0.6455963754672065, "recall_5": 0.045811675578972096, "ndcg_cut_10": 0.29788370520723506, "ndcg_cut_15": 0.2924658014803512, "ndcg_cut_20": 0.2893519378734083, "ndcg_cut_30": 0.2858616825199446, "ndcg_cut_100": 0.3054213575852742, "ndcg_cut_200": 0.3492870744749092, "ndcg_cut_500": 0.4106726000630541, "ndcg_cut_1000": 0.44595233664374784, "ndcg_cut_5": 0.30578883947672525}}